[
  {
    "year": 1878,
    "amtAll": 1,
    "amtDoc": 1,
    "amtminusDoc": 0,
    "yearTableau": "01/01/1878"
  },
  {
    "year": 1879,
    "amtAll": 1,
    "amtDoc": 1,
    "amtminusDoc": 0,
    "yearTableau": "01/01/1879"
  },
  {
    "year": 1880,
    "amtAll": 1,
    "amtDoc": 1,
    "amtminusDoc": 0,
    "yearTableau": "01/01/1880"
  },
  {
    "year": 1881,
    "amtAll": 1,
    "amtDoc": 1,
    "amtminusDoc": 0,
    "yearTableau": "01/01/1881"
  },
  {
    "year": 1882,
    "amtAll": 1,
    "amtDoc": 1,
    "amtminusDoc": 0,
    "yearTableau": "01/01/1882"
  },
  {
    "year": 1883,
    "amtAll": 1,
    "amtDoc": 1,
    "amtminusDoc": 0,
    "yearTableau": "01/01/1883"
  },
  {
    "year": 1884,
    "amtAll": 1,
    "amtDoc": 1,
    "amtminusDoc": 0,
    "yearTableau": "01/01/1884"
  },
  {
    "year": 1885,
    "amtAll": 1,
    "amtDoc": 1,
    "amtminusDoc": 0,
    "yearTableau": "01/01/1885"
  },
  {
    "year": 1886,
    "amtAll": 1,
    "amtDoc": 1,
    "amtminusDoc": 0,
    "yearTableau": "01/01/1886"
  },
  {
    "year": 1887,
    "amtAll": 3,
    "amtDoc": 3,
    "amtminusDoc": 0,
    "yearTableau": "01/01/1887"
  },
  {
    "year": 1888,
    "amtAll": 3,
    "amtDoc": 3,
    "amtminusDoc": 0,
    "yearTableau": "01/01/1888"
  },
  {
    "year": 1889,
    "amtAll": 3,
    "amtDoc": 3,
    "amtminusDoc": 0,
    "yearTableau": "01/01/1889"
  },
  {
    "year": 1890,
    "amtAll": 3,
    "amtDoc": 3,
    "amtminusDoc": 0,
    "yearTableau": "01/01/1890"
  },
  {
    "year": 1891,
    "amtAll": 7,
    "amtDoc": 3,
    "amtminusDoc": 4,
    "yearTableau": "01/01/1891"
  },
  {
    "year": 1892,
    "amtAll": 5,
    "amtDoc": 5,
    "amtminusDoc": 0,
    "yearTableau": "01/01/1892"
  },
  {
    "year": 1893,
    "amtAll": 2,
    "amtDoc": 1,
    "amtminusDoc": 1,
    "yearTableau": "01/01/1893"
  },
  {
    "year": 1894,
    "amtAll": 91,
    "amtDoc": 27,
    "amtminusDoc": 64,
    "yearTableau": "01/01/1894"
  },
  {
    "year": 1895,
    "amtAll": 45,
    "amtDoc": 6,
    "amtminusDoc": 39,
    "yearTableau": "01/01/1895"
  },
  {
    "year": 1896,
    "amtAll": 243,
    "amtDoc": 157,
    "amtminusDoc": 86,
    "yearTableau": "01/01/1896"
  },
  {
    "year": 1897,
    "amtAll": 455,
    "amtDoc": 211,
    "amtminusDoc": 244,
    "yearTableau": "01/01/1897"
  },
  {
    "year": 1898,
    "amtAll": 793,
    "amtDoc": 451,
    "amtminusDoc": 342,
    "yearTableau": "01/01/1898"
  },
  {
    "year": 1899,
    "amtAll": 667,
    "amtDoc": 341,
    "amtminusDoc": 326,
    "yearTableau": "01/01/1899"
  },
  {
    "year": 1900,
    "amtAll": 592,
    "amtDoc": 324,
    "amtminusDoc": 268,
    "yearTableau": "01/01/1900"
  },
  {
    "year": 1901,
    "amtAll": 743,
    "amtDoc": 581,
    "amtminusDoc": 162,
    "yearTableau": "01/01/1901"
  },
  {
    "year": 1902,
    "amtAll": 587,
    "amtDoc": 355,
    "amtminusDoc": 232,
    "yearTableau": "01/01/1902"
  },
  {
    "year": 1903,
    "amtAll": 1396,
    "amtDoc": 759,
    "amtminusDoc": 637,
    "yearTableau": "01/01/1903"
  },
  {
    "year": 1904,
    "amtAll": 598,
    "amtDoc": 257,
    "amtminusDoc": 341,
    "yearTableau": "01/01/1904"
  },
  {
    "year": 1905,
    "amtAll": 497,
    "amtDoc": 270,
    "amtminusDoc": 227,
    "yearTableau": "01/01/1905"
  },
  {
    "year": 1906,
    "amtAll": 342,
    "amtDoc": 196,
    "amtminusDoc": 146,
    "yearTableau": "01/01/1906"
  },
  {
    "year": 1907,
    "amtAll": 506,
    "amtDoc": 129,
    "amtminusDoc": 377,
    "yearTableau": "01/01/1907"
  },
  {
    "year": 1908,
    "amtAll": 802,
    "amtDoc": 40,
    "amtminusDoc": 762,
    "yearTableau": "01/01/1908"
  },
  {
    "year": 1909,
    "amtAll": 1119,
    "amtDoc": 51,
    "amtminusDoc": 1068,
    "yearTableau": "01/01/1909"
  },
  {
    "year": 1910,
    "amtAll": 1842,
    "amtDoc": 88,
    "amtminusDoc": 1754,
    "yearTableau": "01/01/1910"
  },
  {
    "year": 1911,
    "amtAll": 2640,
    "amtDoc": 111,
    "amtminusDoc": 2529,
    "yearTableau": "01/01/1911"
  },
  {
    "year": 1912,
    "amtAll": 4144,
    "amtDoc": 401,
    "amtminusDoc": 3743,
    "yearTableau": "01/01/1912"
  },
  {
    "year": 1913,
    "amtAll": 5416,
    "amtDoc": 456,
    "amtminusDoc": 4960,
    "yearTableau": "01/01/1913"
  },
  {
    "year": 1914,
    "amtAll": 5423,
    "amtDoc": 218,
    "amtminusDoc": 5205,
    "yearTableau": "01/01/1914"
  },
  {
    "year": 1915,
    "amtAll": 5687,
    "amtDoc": 327,
    "amtminusDoc": 5360,
    "yearTableau": "01/01/1915"
  },
  {
    "year": 1916,
    "amtAll": 4654,
    "amtDoc": 446,
    "amtminusDoc": 4208,
    "yearTableau": "01/01/1916"
  },
  {
    "year": 1917,
    "amtAll": 3585,
    "amtDoc": 503,
    "amtminusDoc": 3082,
    "yearTableau": "01/01/1917"
  },
  {
    "year": 1918,
    "amtAll": 2639,
    "amtDoc": 495,
    "amtminusDoc": 2144,
    "yearTableau": "01/01/1918"
  },
  {
    "year": 1919,
    "amtAll": 2004,
    "amtDoc": 325,
    "amtminusDoc": 1679,
    "yearTableau": "01/01/1919"
  },
  {
    "year": 1920,
    "amtAll": 2142,
    "amtDoc": 279,
    "amtminusDoc": 1863,
    "yearTableau": "01/01/1920"
  },
  {
    "year": 1921,
    "amtAll": 1913,
    "amtDoc": 288,
    "amtminusDoc": 1625,
    "yearTableau": "01/01/1921"
  },
  {
    "year": 1922,
    "amtAll": 1696,
    "amtDoc": 202,
    "amtminusDoc": 1494,
    "yearTableau": "01/01/1922"
  },
  {
    "year": 1923,
    "amtAll": 1444,
    "amtDoc": 118,
    "amtminusDoc": 1326,
    "yearTableau": "01/01/1923"
  },
  {
    "year": 1924,
    "amtAll": 1545,
    "amtDoc": 126,
    "amtminusDoc": 1419,
    "yearTableau": "01/01/1924"
  },
  {
    "year": 1925,
    "amtAll": 1812,
    "amtDoc": 198,
    "amtminusDoc": 1614,
    "yearTableau": "01/01/1925"
  },
  {
    "year": 1926,
    "amtAll": 1704,
    "amtDoc": 130,
    "amtminusDoc": 1574,
    "yearTableau": "01/01/1926"
  },
  {
    "year": 1927,
    "amtAll": 1797,
    "amtDoc": 185,
    "amtminusDoc": 1612,
    "yearTableau": "01/01/1927"
  },
  {
    "year": 1928,
    "amtAll": 1619,
    "amtDoc": 94,
    "amtminusDoc": 1525,
    "yearTableau": "01/01/1928"
  },
  {
    "year": 1929,
    "amtAll": 1642,
    "amtDoc": 76,
    "amtminusDoc": 1566,
    "yearTableau": "01/01/1929"
  },
  {
    "year": 1930,
    "amtAll": 1326,
    "amtDoc": 36,
    "amtminusDoc": 1290,
    "yearTableau": "01/01/1930"
  },
  {
    "year": 1931,
    "amtAll": 1374,
    "amtDoc": 99,
    "amtminusDoc": 1275,
    "yearTableau": "01/01/1931"
  },
  {
    "year": 1932,
    "amtAll": 1205,
    "amtDoc": 103,
    "amtminusDoc": 1102,
    "yearTableau": "01/01/1932"
  },
  {
    "year": 1933,
    "amtAll": 1103,
    "amtDoc": 92,
    "amtminusDoc": 1011,
    "yearTableau": "01/01/1933"
  },
  {
    "year": 1934,
    "amtAll": 1187,
    "amtDoc": 111,
    "amtminusDoc": 1076,
    "yearTableau": "01/01/1934"
  },
  {
    "year": 1935,
    "amtAll": 1185,
    "amtDoc": 106,
    "amtminusDoc": 1079,
    "yearTableau": "01/01/1935"
  },
  {
    "year": 1936,
    "amtAll": 1132,
    "amtDoc": 105,
    "amtminusDoc": 1027,
    "yearTableau": "01/01/1936"
  },
  {
    "year": 1937,
    "amtAll": 1154,
    "amtDoc": 113,
    "amtminusDoc": 1041,
    "yearTableau": "01/01/1937"
  },
  {
    "year": 1938,
    "amtAll": 1098,
    "amtDoc": 135,
    "amtminusDoc": 963,
    "yearTableau": "01/01/1938"
  },
  {
    "year": 1939,
    "amtAll": 1047,
    "amtDoc": 102,
    "amtminusDoc": 945,
    "yearTableau": "01/01/1939"
  },
  {
    "year": 1940,
    "amtAll": 1001,
    "amtDoc": 115,
    "amtminusDoc": 886,
    "yearTableau": "01/01/1940"
  },
  {
    "year": 1941,
    "amtAll": 1112,
    "amtDoc": 137,
    "amtminusDoc": 975,
    "yearTableau": "01/01/1941"
  },
  {
    "year": 1942,
    "amtAll": 1061,
    "amtDoc": 135,
    "amtminusDoc": 926,
    "yearTableau": "01/01/1942"
  },
  {
    "year": 1943,
    "amtAll": 933,
    "amtDoc": 176,
    "amtminusDoc": 757,
    "yearTableau": "01/01/1943"
  },
  {
    "year": 1944,
    "amtAll": 914,
    "amtDoc": 115,
    "amtminusDoc": 799,
    "yearTableau": "01/01/1944"
  },
  {
    "year": 1945,
    "amtAll": 942,
    "amtDoc": 167,
    "amtminusDoc": 775,
    "yearTableau": "01/01/1945"
  },
  {
    "year": 1946,
    "amtAll": 934,
    "amtDoc": 102,
    "amtminusDoc": 832,
    "yearTableau": "01/01/1946"
  },
  {
    "year": 1947,
    "amtAll": 863,
    "amtDoc": 101,
    "amtminusDoc": 762,
    "yearTableau": "01/01/1947"
  },
  {
    "year": 1948,
    "amtAll": 1037,
    "amtDoc": 103,
    "amtminusDoc": 934,
    "yearTableau": "01/01/1948"
  },
  {
    "year": 1949,
    "amtAll": 1228,
    "amtDoc": 91,
    "amtminusDoc": 1137,
    "yearTableau": "01/01/1949"
  },
  {
    "year": 1950,
    "amtAll": 1325,
    "amtDoc": 89,
    "amtminusDoc": 1236,
    "yearTableau": "01/01/1950"
  },
  {
    "year": 1951,
    "amtAll": 1341,
    "amtDoc": 112,
    "amtminusDoc": 1229,
    "yearTableau": "01/01/1951"
  },
  {
    "year": 1952,
    "amtAll": 1223,
    "amtDoc": 90,
    "amtminusDoc": 1133,
    "yearTableau": "01/01/1952"
  },
  {
    "year": 1953,
    "amtAll": 1240,
    "amtDoc": 109,
    "amtminusDoc": 1131,
    "yearTableau": "01/01/1953"
  },
  {
    "year": 1954,
    "amtAll": 1177,
    "amtDoc": 94,
    "amtminusDoc": 1083,
    "yearTableau": "01/01/1954"
  },
  {
    "year": 1955,
    "amtAll": 1252,
    "amtDoc": 121,
    "amtminusDoc": 1131,
    "yearTableau": "01/01/1955"
  },
  {
    "year": 1956,
    "amtAll": 1331,
    "amtDoc": 103,
    "amtminusDoc": 1228,
    "yearTableau": "01/01/1956"
  },
  {
    "year": 1957,
    "amtAll": 1481,
    "amtDoc": 77,
    "amtminusDoc": 1404,
    "yearTableau": "01/01/1957"
  },
  {
    "year": 1958,
    "amtAll": 1564,
    "amtDoc": 47,
    "amtminusDoc": 1517,
    "yearTableau": "01/01/1958"
  },
  {
    "year": 1959,
    "amtAll": 1679,
    "amtDoc": 47,
    "amtminusDoc": 1632,
    "yearTableau": "01/01/1959"
  },
  {
    "year": 1960,
    "amtAll": 1819,
    "amtDoc": 54,
    "amtminusDoc": 1765,
    "yearTableau": "01/01/1960"
  },
  {
    "year": 1961,
    "amtAll": 1940,
    "amtDoc": 59,
    "amtminusDoc": 1881,
    "yearTableau": "01/01/1961"
  },
  {
    "year": 1962,
    "amtAll": 1923,
    "amtDoc": 67,
    "amtminusDoc": 1856,
    "yearTableau": "01/01/1962"
  },
  {
    "year": 1963,
    "amtAll": 2080,
    "amtDoc": 87,
    "amtminusDoc": 1993,
    "yearTableau": "01/01/1963"
  },
  {
    "year": 1964,
    "amtAll": 2248,
    "amtDoc": 106,
    "amtminusDoc": 2142,
    "yearTableau": "01/01/1964"
  },
  {
    "year": 1965,
    "amtAll": 2647,
    "amtDoc": 136,
    "amtminusDoc": 2511,
    "yearTableau": "01/01/1965"
  },
  {
    "year": 1966,
    "amtAll": 3027,
    "amtDoc": 116,
    "amtminusDoc": 2911,
    "yearTableau": "01/01/1966"
  },
  {
    "year": 1967,
    "amtAll": 3511,
    "amtDoc": 125,
    "amtminusDoc": 3386,
    "yearTableau": "01/01/1967"
  },
  {
    "year": 1968,
    "amtAll": 2892,
    "amtDoc": 142,
    "amtminusDoc": 2750,
    "yearTableau": "01/01/1968"
  },
  {
    "year": 1969,
    "amtAll": 2926,
    "amtDoc": 135,
    "amtminusDoc": 2791,
    "yearTableau": "01/01/1969"
  },
  {
    "year": 1970,
    "amtAll": 2822,
    "amtDoc": 172,
    "amtminusDoc": 2650,
    "yearTableau": "01/01/1970"
  },
  {
    "year": 1971,
    "amtAll": 2820,
    "amtDoc": 145,
    "amtminusDoc": 2675,
    "yearTableau": "01/01/1971"
  },
  {
    "year": 1972,
    "amtAll": 2701,
    "amtDoc": 151,
    "amtminusDoc": 2550,
    "yearTableau": "01/01/1972"
  },
  {
    "year": 1973,
    "amtAll": 2951,
    "amtDoc": 158,
    "amtminusDoc": 2793,
    "yearTableau": "01/01/1973"
  },
  {
    "year": 1974,
    "amtAll": 2816,
    "amtDoc": 144,
    "amtminusDoc": 2672,
    "yearTableau": "01/01/1974"
  },
  {
    "year": 1975,
    "amtAll": 3154,
    "amtDoc": 151,
    "amtminusDoc": 3003,
    "yearTableau": "01/01/1975"
  },
  {
    "year": 1976,
    "amtAll": 2927,
    "amtDoc": 157,
    "amtminusDoc": 2770,
    "yearTableau": "01/01/1976"
  },
  {
    "year": 1977,
    "amtAll": 2666,
    "amtDoc": 150,
    "amtminusDoc": 2516,
    "yearTableau": "01/01/1977"
  },
  {
    "year": 1978,
    "amtAll": 2708,
    "amtDoc": 144,
    "amtminusDoc": 2564,
    "yearTableau": "01/01/1978"
  },
  {
    "year": 1979,
    "amtAll": 2797,
    "amtDoc": 166,
    "amtminusDoc": 2631,
    "yearTableau": "01/01/1979"
  },
  {
    "year": 1980,
    "amtAll": 2590,
    "amtDoc": 183,
    "amtminusDoc": 2407,
    "yearTableau": "01/01/1980"
  },
  {
    "year": 1981,
    "amtAll": 2971,
    "amtDoc": 189,
    "amtminusDoc": 2782,
    "yearTableau": "01/01/1981"
  },
  {
    "year": 1982,
    "amtAll": 2750,
    "amtDoc": 192,
    "amtminusDoc": 2558,
    "yearTableau": "01/01/1982"
  },
  {
    "year": 1983,
    "amtAll": 3144,
    "amtDoc": 212,
    "amtminusDoc": 2932,
    "yearTableau": "01/01/1983"
  },
  {
    "year": 1984,
    "amtAll": 3850,
    "amtDoc": 217,
    "amtminusDoc": 3633,
    "yearTableau": "01/01/1984"
  },
  {
    "year": 1985,
    "amtAll": 4472,
    "amtDoc": 255,
    "amtminusDoc": 4217,
    "yearTableau": "01/01/1985"
  },
  {
    "year": 1986,
    "amtAll": 4631,
    "amtDoc": 253,
    "amtminusDoc": 4378,
    "yearTableau": "01/01/1986"
  },
  {
    "year": 1987,
    "amtAll": 4902,
    "amtDoc": 277,
    "amtminusDoc": 4625,
    "yearTableau": "01/01/1987"
  },
  {
    "year": 1988,
    "amtAll": 4842,
    "amtDoc": 317,
    "amtminusDoc": 4525,
    "yearTableau": "01/01/1988"
  },
  {
    "year": 1989,
    "amtAll": 5341,
    "amtDoc": 316,
    "amtminusDoc": 5025,
    "yearTableau": "01/01/1989"
  },
  {
    "year": 1990,
    "amtAll": 5563,
    "amtDoc": 377,
    "amtminusDoc": 5186,
    "yearTableau": "01/01/1990"
  },
  {
    "year": 1991,
    "amtAll": 5823,
    "amtDoc": 413,
    "amtminusDoc": 5410,
    "yearTableau": "01/01/1991"
  },
  {
    "year": 1992,
    "amtAll": 6662,
    "amtDoc": 477,
    "amtminusDoc": 6185,
    "yearTableau": "01/01/1992"
  },
  {
    "year": 1993,
    "amtAll": 7295,
    "amtDoc": 448,
    "amtminusDoc": 6847,
    "yearTableau": "01/01/1993"
  },
  {
    "year": 1994,
    "amtAll": 7873,
    "amtDoc": 534,
    "amtminusDoc": 7339,
    "yearTableau": "01/01/1994"
  },
  {
    "year": 1995,
    "amtAll": 8597,
    "amtDoc": 565,
    "amtminusDoc": 8032,
    "yearTableau": "01/01/1995"
  },
  {
    "year": 1996,
    "amtAll": 9068,
    "amtDoc": 624,
    "amtminusDoc": 8444,
    "yearTableau": "01/01/1996"
  },
  {
    "year": 1997,
    "amtAll": 9674,
    "amtDoc": 713,
    "amtminusDoc": 8961,
    "yearTableau": "01/01/1997"
  },
  {
    "year": 1998,
    "amtAll": 10613,
    "amtDoc": 897,
    "amtminusDoc": 9716,
    "yearTableau": "01/01/1998"
  },
  {
    "year": 1999,
    "amtAll": 11442,
    "amtDoc": 1007,
    "amtminusDoc": 10435,
    "yearTableau": "01/01/1999"
  },
  {
    "year": 2000,
    "amtAll": 12430,
    "amtDoc": 1184,
    "amtminusDoc": 11246,
    "yearTableau": "01/01/2000"
  },
  {
    "year": 2001,
    "amtAll": 12996,
    "amtDoc": 1368,
    "amtminusDoc": 11628,
    "yearTableau": "01/01/2001"
  },
  {
    "year": 2002,
    "amtAll": 14453,
    "amtDoc": 1653,
    "amtminusDoc": 12800,
    "yearTableau": "01/01/2002"
  },
  {
    "year": 2003,
    "amtAll": 17119,
    "amtDoc": 1891,
    "amtminusDoc": 15228,
    "yearTableau": "01/01/2003"
  },
  {
    "year": 2004,
    "amtAll": 19706,
    "amtDoc": 2459,
    "amtminusDoc": 17247,
    "yearTableau": "01/01/2004"
  },
  {
    "year": 2005,
    "amtAll": 23208,
    "amtDoc": 2615,
    "amtminusDoc": 20593,
    "yearTableau": "01/01/2005"
  },
  {
    "year": 2006,
    "amtAll": 25751,
    "amtDoc": 2975,
    "amtminusDoc": 22776,
    "yearTableau": "01/01/2006"
  },
  {
    "year": 2007,
    "amtAll": 27647,
    "amtDoc": 3239,
    "amtminusDoc": 24408,
    "yearTableau": "01/01/2007"
  },
  {
    "year": 2008,
    "amtAll": 29700,
    "amtDoc": 3613,
    "amtminusDoc": 26087,
    "yearTableau": "01/01/2008"
  },
  {
    "year": 2009,
    "amtAll": 34632,
    "amtDoc": 4347,
    "amtminusDoc": 30285,
    "yearTableau": "01/01/2009"
  },
  {
    "year": 2010,
    "amtAll": 37587,
    "amtDoc": 4861,
    "amtminusDoc": 32726,
    "yearTableau": "01/01/2010"
  },
  {
    "year": 2011,
    "amtAll": 41321,
    "amtDoc": 5149,
    "amtminusDoc": 36172,
    "yearTableau": "01/01/2011"
  },
  {
    "year": 2012,
    "amtAll": 43274,
    "amtDoc": 5349,
    "amtminusDoc": 37925,
    "yearTableau": "01/01/2012"
  },
  {
    "year": 2013,
    "amtAll": 44806,
    "amtDoc": 5741,
    "amtminusDoc": 39065,
    "yearTableau": "01/01/2013"
  },
  {
    "year": 2014,
    "amtAll": 47982,
    "amtDoc": 5987,
    "amtminusDoc": 41995,
    "yearTableau": "01/01/2014"
  },
  {
    "year": 2015,
    "amtAll": 46797,
    "amtDoc": 5555,
    "amtminusDoc": 41242,
    "yearTableau": "01/01/2015"
  },
  {
    "year": 2016,
    "amtAll": 47519,
    "amtDoc": 5746,
    "amtminusDoc": 41773,
    "yearTableau": "01/01/2016"
  },
  {
    "year": 2017,
    "amtAll": 46651,
    "amtDoc": 5604,
    "amtminusDoc": 41047,
    "yearTableau": "01/01/2017"
  }
]